CREATE DATABASE IF NOT EXISTS DB_proj_library_system;
USE DB_proj_library_system;

CREATE TABLE Admin (
    AdminID INT PRIMARY KEY AUTO_INCREMENT,
    Name VARCHAR(100),
    Email VARCHAR(100),
    Phone INT
);

CREATE TABLE Category (
    CategoryID INT PRIMARY KEY AUTO_INCREMENT,
    CategoryName VARCHAR(20)
);

CREATE TABLE Student (
    MemberID INT PRIMARY KEY AUTO_INCREMENT,
    Name VARCHAR(100),
    Department VARCHAR(50),
    Email VARCHAR(100),
    Phone INT
);

CREATE TABLE Book (
    BookID INT PRIMARY KEY AUTO_INCREMENT,
    Title VARCHAR(200),
    Author VARCHAR(100),
    ISBN INT,
    PublicationYear YEAR,
    Status ENUM('available', 'borrowed'),
    AdminID INT,
    CategoryID INT,
    FOREIGN KEY (AdminID) REFERENCES Admin(AdminID)
        ON DELETE CASCADE
        ON UPDATE CASCADE,
    FOREIGN KEY (CategoryID) REFERENCES Category(CategoryID)
        ON DELETE CASCADE
        ON UPDATE CASCADE
);

CREATE TABLE Borrow (
    BorrowID INT PRIMARY KEY AUTO_INCREMENT,
    BorrowDate DATE,
    ReturnDueDate INT,
    ReturnDate DATE,
    BookID INT,
    MemberID INT,
    FOREIGN KEY (BookID) REFERENCES Book(BookID)
        ON DELETE CASCADE
        ON UPDATE CASCADE,
    FOREIGN KEY (MemberID) REFERENCES Student(MemberID)
        ON DELETE CASCADE
        ON UPDATE CASCADE
);

-- 1) Admins (10)
INSERT INTO Admin (Name, Email, Phone) VALUES
('Aldo Pratama', 'aldo.admin@library.id', 812000001),
('Bima Santoso', 'bima.admin@library.id', 812000002),
('Citra Lestari', 'citra.admin@library.id', 812000003),
('Dedi Rahman', 'dedi.admin@library.id', 812000004),
('Eka Putri', 'eka.admin@library.id', 812000005),
('Faruq Hidayat', 'faruq.admin@library.id', 812000006),
('Gita Ramadhani', 'gita.admin@library.id', 812000007),
('Hendra Wijaya', 'hendra.admin@library.id', 812000008),
('Intan Sari', 'intan.admin@library.id', 812000009),
('Joko Nugroho', 'joko.admin@library.id', 812000010);

-- 2) Categories (10)
INSERT INTO Category (CategoryName) VALUES
('Fiksi'),
('Sains'),
('Teknologi'),
('Sejarah'),
('Bisnis'),
('Matematika'),
('Komputer'),
('Biografi'),
('Bahasa'),
('Seni');

-- 3) Students (50)
INSERT INTO Student (Name, Department, Email, Phone) VALUES
('Andi Pratama', 'Computer Science', 'andi.pratama@student.univ.id', 812100001),
('Bella Kusuma', 'Information Systems', 'bella.k@student.univ.id', 812100002),
('Cahyo Nugroho', 'Mathematics', 'cahyo.n@student.univ.id', 812100003),
('Dewi Lestari', 'Business', 'dewi.l@student.univ.id', 812100004),
('Eko Saputra', 'Computer Science', 'eko.s@student.univ.id', 812100005),
('Fani Rahma', 'Literature', 'fani.r@student.univ.id', 812100006),
('Gilang Prasetya', 'Information Systems', 'gilang.p@student.univ.id', 812100007),
('Hana Maulani', 'Design', 'hana.m@student.univ.id', 812100008),
('Iwan Kurnia', 'Mathematics', 'iwan.k@student.univ.id', 812100009),
('Jasmine Putri', 'Business', 'jasmine.p@student.univ.id', 812100010),
('Kevin Tan', 'Computer Science', 'kevin.t@student.univ.id', 812100011),
('Lia Handayani', 'Information Systems', 'lia.h@student.univ.id', 812100012),
('Maman S', 'Mathematics', 'maman.s@student.univ.id', 812100013),
('Nadia Sari', 'Business', 'nadia.s@student.univ.id', 812100014),
('Oktaviani', 'Design', 'okta@student.univ.id', 812100015),
('Putra Wijaya', 'Computer Science', 'putra.w@student.univ.id', 812100016),
('Qori Maulana', 'Information Systems', 'qori.m@student.univ.id', 812100017),
('Rina Puspita', 'Literature', 'rina.p@student.univ.id', 812100018),
('Slamet Riyadi', 'Mathematics', 'slamet.r@student.univ.id', 812100019),
('Tasya Kirana', 'Business', 'tasya.k@student.univ.id', 812100020),
('Umar Fauzi', 'Computer Science', 'umar.f@student.univ.id', 812100021),
('Vina Oktavia', 'Information Systems', 'vina.o@student.univ.id', 812100022),
('Wawan Setiawan', 'Mathematics', 'wawan.s@student.univ.id', 812100023),
('Xenia Putri', 'Design', 'xenia.p@student.univ.id', 812100024),
('Yusuf Rahman', 'Business', 'yusuf.r@student.univ.id', 812100025),
('Zahra Melati', 'Computer Science', 'zahra.m@student.univ.id', 812100026),
('Agus Suprianto', 'Information Systems', 'agus.s@student.univ.id', 812100027),
('Bayu H', 'Mathematics', 'bayu.h@student.univ.id', 812100028),
('Cindy Melinda', 'Literature', 'cindy.m@student.univ.id', 812100029),
('Doni Prakoso', 'Business', 'doni.p@student.univ.id', 812100030),
('Elsa Nur', 'Design', 'elsa.n@student.univ.id', 812100031),
('Fajar Nugroho', 'Computer Science', 'fajar.n@student.univ.id', 812100032),
('Ghea Putri', 'Information Systems', 'ghea.p@student.univ.id', 812100033),
('Heru Santoso', 'Mathematics', 'heru.s@student.univ.id', 812100034),
('Ika Nuraini', 'Business', 'ika.n@student.univ.id', 812100035),
('Jefrianto', 'Computer Science', 'jefri@student.univ.id', 812100036),
('Kirana S', 'Design', 'kirana.s@student.univ.id', 812100037),
('Lukas Widodo', 'Information Systems', 'lukas.w@student.univ.id', 812100038),
('Mira Handayani', 'Literature', 'mira.h@student.univ.id', 812100039),
('Niko Pratama', 'Mathematics', 'niko.p@student.univ.id', 812100040),
('Olivia H', 'Business', 'olivia.h@student.univ.id', 812100041),
('Pandu K', 'Computer Science', 'pandu.k@student.univ.id', 812100042),
('Qila Zahra', 'Information Systems', 'qila.z@student.univ.id', 812100043),
('Randy Firmansyah', 'Mathematics', 'randy.f@student.univ.id', 812100044),
('Sari Melina', 'Design', 'sari.m@student.univ.id', 812100045),
('Tomi Kusuma', 'Computer Science', 'tomi.k@student.univ.id', 812100046),
('Umi K', 'Business', 'umi.k@student.univ.id', 812100047),
('Vito Alexander', 'Information Systems', 'vito.a@student.univ.id', 812100048),
('Winda Cahya', 'Literature', 'winda.c@student.univ.id', 812100049),
('Yulianto', 'Mathematics', 'yulianto@student.univ.id', 812100050);

-- 4) Books (100)
INSERT INTO Book (BookID, Title, Author, ISBN, PublicationYear, Status, AdminID, CategoryID) VALUES
(1, 'Algoritma & Struktur Data', 'Rinaldi Munir', 1000000001, 2015, 'borrowed', 1, 7),
(2, 'Pemrograman Python Untuk Pemula', 'Rudi Hartono', 1000000002, 2018, 'borrowed', 2, 7),
(3, 'Belajar JavaScript', 'Sinta Dewi', 1000000003, 2020, 'borrowed', 3, 7),
(4, 'Dasar-dasar Jaringan Komputer', 'Budi Hartono', 1000000004, 2016, 'available', 4, 7),
(5, 'Pengantar Basis Data', 'Nina Anggraini', 1000000005, 2017, 'borrowed', 1, 7),
(6, 'Matematika Diskrit', 'Irfan Kurnia', 1000000006, 2014, 'available', 6, 6),
(7, 'Kalkulus Dasar', 'Sari Wijaya', 1000000007, 2013, 'borrowed', 2, 6),
(8, 'Statistika Terapan', 'Rina Amelia', 1000000008, 2019, 'available', 2, 6),
(9, 'Fisika Untuk Sains', 'Dian Prasetyo', 1000000009, 2012, 'borrowed', 1, 2),
(10, 'Kimia Dasar', 'Andi Susanto', 1000000010, 2011, 'available', 3, 2),
(11, 'Sejarah Indonesia Modern', 'M. Hidayat', 1000000011, 2005, 'borrowed', 4, 4),
(12, 'Perang Dunia II', 'Max Hastings', 1000000012, 2002, 'available', 2, 4),
(13, 'Ekonomi Mikro', 'Lukas Prim', 1000000013, 2010, 'borrowed', 5, 5),
(14, 'Manajemen Bisnis', 'Winda Putri', 1000000014, 2018, 'available', 5, 5),
(15, 'Kewirausahaan', 'Sari Lestari', 1000000015, 2019, 'borrowed', 6, 5),
(16, 'Biografi Bung Karno', 'Ahmad Z', 1000000016, 2008, 'available', 7, 8),
(17, 'Biografi BJ Habibie', 'Siti M', 1000000017, 2010, 'borrowed', 8, 8),
(18, 'Belajar Bahasa Inggris', 'T. Sutrisno', 1000000018, 2016, 'available', 9, 9),
(19, 'Kamus Bahasa Indonesia', 'P. Santoso', 1000000019, 2000, 'borrowed', 9, 9),
(20, 'Seni Lukis Modern', 'R. Cahyo', 1000000020, 2013, 'available', 10, 10),
(21, 'Novel Ada Apa Dengan Cinta', 'Iwan Setiawan', 1000000021, 2001, 'borrowed', 2, 1),
(22, 'Cerpen Pilihan', 'Various', 1000000022, 2014, 'available', 3, 1),
(23, 'Teori Relativitas Sederhana', 'Dr. Hendra', 1000000023, 2009, 'borrowed', 1, 2),
(24, 'Fisika Kuantum Dasar', 'Prof. Sulastri', 1000000024, 2011, 'available', 4, 2),
(25, 'Teknik Mesin Dasar', 'Anton Pratama', 1000000025, 2007, 'borrowed', 6, 3),
(26, 'Teknik Elektro Praktis', 'Bambang S', 1000000026, 2006, 'available', 5, 3),
(27, 'Blockchain untuk Pemula', 'Rizky Firmansyah', 1000000027, 2021, 'borrowed', 3, 7),
(28, 'Data Science dengan Python', 'Mira Anita', 1000000028, 2020, 'available', 1, 7),
(29, 'Pembelajaran Mesin', 'Suleman', 1000000029, 2019, 'borrowed', 2, 7),
(30, 'Kecerdasan Buatan', 'Teguh Ari', 1000000030, 2022, 'available', 4, 7),
(31, 'Sejarah Jakarta', 'Lies Asih', 1000000031, 2003, 'borrowed', 8, 4),
(32, 'Ensiklopedia Dunia', 'Tim Ensiklopedia', 1000000032, 2000, 'available', 9, 2),
(33, 'Pemrograman C++ Lanjut', 'Rudi Hartono', 1000000033, 2015, 'borrowed', 2, 7),
(34, 'Desain UI/UX', 'Ayu P', 1000000034, 2018, 'available', 10, 7),
(35, 'Fotografi Dasar', 'Rizal M', 1000000035, 2016, 'borrowed', 8, 10),
(36, 'Pengantar Psikologi', 'Nina Farah', 1000000036, 2014, 'available', 7, 2),
(37, 'Novel Laskar Pelangi', 'Andrea Hirata', 1000000037, 2005, 'borrowed', 2, 1),
(38, 'Sejarah Asia Tenggara', 'Budi Santoso', 1000000038, 2004, 'available', 3, 4),
(39, 'Komunikasi Bisnis', 'Wulan S', 1000000039, 2017, 'borrowed', 5, 5),
(40, 'Analisis Algoritma', 'Rinaldi Munir', 1000000040, 2016, 'available', 1, 7),
(41, 'Pengantar Statistik', 'Rina Amelia', 1000000041, 2012, 'borrowed', 2, 6),
(42, 'Pemrograman Web Modern', 'Sinta Dewi', 1000000042, 2019, 'available', 3, 7),
(43, 'Jaringan Komputer Lanjut', 'Budi Hartono', 1000000043, 2018, 'borrowed', 4, 7),
(44, 'Sastra Indonesia Kontemporer', 'Dewi K', 1000000044, 2010, 'available', 3, 1),
(45, 'Ekonomi Makro', 'Fahmi R', 1000000045, 2011, 'borrowed', 5, 5),
(46, 'Pengelolaan Arsip', 'R. Kusuma', 1000000046, 2009, 'available', 6, 4),
(47, 'Algoritma Graf', 'Nana Yusuf', 1000000047, 2013, 'borrowed', 1, 7),
(48, 'Belajar R untuk Statistik', 'M. Arif', 1000000048, 2017, 'available', 2, 7),
(49, 'Teori Probabilitas', 'Herman', 1000000049, 2008, 'available', 9, 6),
(50, 'Kamus Istilah Seni', 'R. Cahyo', 1000000050, 2006, 'available', 10, 10),
(51, 'Pemrograman Go', 'Arif K', 1000000051, 2021, 'available', 3, 7),
(52, 'Praktikum Lab Fisika', 'Dian Prasetyo', 1000000052, 2015, 'available', 1, 2),
(53, 'Seni Teater', 'Cici', 1000000053, 2010, 'available', 10, 10),
(54, 'Buku Referensi Matematika Lanjut', 'Irfan Kurnia', 1000000054, 2014, 'available', 6, 6),
(55, 'Implementasi Sistem Terdistribusi', 'Taufik', 1000000055, 2019, 'available', 4, 7),
(56, 'Bahasa Pemrograman Rust', 'Susi P', 1000000056, 2020, 'available', 2, 7),
(57, 'Sejarah Kebudayaan', 'A. Mustofa', 1000000057, 2001, 'available', 8, 4),
(58, 'Novel Penyair', 'Lina M', 1000000058, 2012, 'available', 3, 1),
(59, 'Belajar SQL Lanjut', 'Nina Anggraini', 1000000059, 2018, 'available', 1, 7),
(60, 'Pemrograman Mobile', 'Riki', 1000000060, 2016, 'available', 5, 7),
(61, 'Kepemimpinan', 'Dewi Sulistyowati', 1000000061, 2013, 'available', 5, 5),
(62, 'Bisnis Internasional', 'H. Nusantara', 1000000062, 2014, 'available', 6, 5),
(63, 'Teori Musik', 'Yuni', 1000000063, 2009, 'available', 10, 10),
(64, 'Belajar Bahasa Prancis', 'Claire', 1000000064, 2010, 'available', 9, 9),
(65, 'Pemrograman Functional', 'Rizal H', 1000000065, 2021, 'available', 2, 7),
(66, 'Metode Penelitian', 'Siska', 1000000066, 2017, 'available', 7, 2),
(67, 'Etika Profesi', 'Andri', 1000000067, 2015, 'available', 5, 5),
(68, 'Seni Kaligrafi', 'Arum', 1000000068, 2011, 'available', 10, 10),
(69, 'Jurus Presentasi Efektif', 'Nina Farah', 1000000069, 2016, 'available', 9, 5),
(70, 'Algoritma Genetika', 'Tegar', 1000000070, 2019, 'available', 1, 7),
(71, 'Pemrograman Android Lanjut', 'Riki', 1000000071, 2018, 'available', 3, 7),
(72, 'Desain Grafis Modern', 'Ayu P', 1000000072, 2017, 'available', 10, 10),
(73, 'Sejarah Eropa', 'D. Putra', 1000000073, 2005, 'available', 8, 4),
(74, 'Matematika untuk Machine Learning', 'Irfan Kurnia', 1000000074, 2020, 'available', 2, 6),
(75, 'Pemodelan Data', 'Nina Anggraini', 1000000075, 2019, 'available', 1, 7),
(76, 'Database NoSQL', 'Rizky Firmansyah', 1000000076, 2020, 'available', 3, 7),
(77, 'Sistem Operasi', 'Anton Pratama', 1000000077, 2015, 'available', 4, 7),
(78, 'Pengantar Filosofi', 'Sari L', 1000000078, 2004, 'available', 9, 2),
(79, 'Tutorial CSS Modern', 'Sinta Dewi', 1000000079, 2021, 'available', 2, 7),
(80, 'Interaksi Manusia Komputer', 'Gita Ramadhani', 1000000080, 2016, 'available', 10, 7),
(81, 'Sejarah Indonesia Kuno', 'M. Hidayat', 1000000081, 2002, 'available', 8, 4),
(82, 'Biologi Dasar', 'Rahmawati', 1000000082, 2013, 'available', 6, 2),
(83, 'Teknik Kompilator', 'Rizal H', 1000000083, 2018, 'available', 1, 7),
(84, 'Pemrograman Scala', 'Arif K', 1000000084, 2019, 'available', 3, 7),
(85, 'Panduan SEO', 'Wulan S', 1000000085, 2017, 'available', 5, 7),
(86, 'Sejarah Peradaban', 'Lies Asih', 1000000086, 2001, 'available', 8, 4),
(87, 'Advanced Mathematics', 'Prof. Sulastri', 1000000087, 2011, 'available', 9, 6),
(88, 'Pengelolaan Keuangan', 'Hani', 1000000088, 2014, 'available', 5, 5),
(89, 'Jaringan Nirkabel', 'Budi Hartono', 1000000089, 2020, 'available', 4, 7),
(90, 'Teknik Pemrograman Paralel', 'Taufik', 1000000090, 2019, 'available', 2, 7),
(91, 'Ilmu Sosial Kontemporer', 'R. Kusuma', 1000000091, 2012, 'available', 6, 2),
(92, 'Novel Fenomena', 'Dewa', 1000000092, 2015, 'available', 3, 1),
(93, 'Pemrograman Typescript', 'Sinta Dewi', 1000000093, 2021, 'available', 2, 7),
(94, 'Desain Interaksi', 'Ayu P', 1000000094, 2018, 'available', 10, 7),
(95, 'Kecerdasan Buatan Lanjut', 'Teguh Ari', 1000000095, 2022, 'available', 4, 7),
(96, 'Kisah Inspiratif', 'Sari Lestari', 1000000096, 2016, 'available', 7, 8),
(97, 'Sejarah Teknologi', 'Hendra Wijaya', 1000000097, 2010, 'available', 4, 3),
(98, 'Pemrograman Kotlin', 'Riki', 1000000098, 2019, 'available', 3, 7),
(99, 'Referensi Seni Kontemporer', 'Cici', 1000000099, 2014, 'available', 10, 10),
(100, 'Teknik Pengembangan Perangkat Lunak', 'Gita Ramadhani', 1000000100, 2020, 'available', 1, 7);

-- 5) Borrow records (50)
INSERT INTO Borrow (BorrowDate, ReturnDueDate, ReturnDate, BookID, MemberID) VALUES
('2025-01-02', 14, NULL, 1, 1),
('2025-01-03', 7, '2025-01-09', 2, 2),
('2025-01-04', 21, NULL, 3, 3),
('2025-01-05', 14, '2025-01-16', 4, 4),
('2025-01-06', 14, NULL, 5, 5),
('2025-01-07', 7, '2025-01-14', 6, 6),
('2025-01-08', 21, NULL, 7, 7),
('2025-01-09', 14, '2025-01-20', 8, 8),
('2025-01-10', 14, NULL, 9, 9),
('2025-01-11', 7, '2025-01-18', 10, 10),
('2025-01-12', 21, NULL, 11, 11),
('2025-01-13', 14, '2025-01-23', 12, 12),
('2025-01-14', 14, NULL, 13, 13),
('2025-01-15', 7, '2025-01-22', 14, 14),
('2025-01-16', 21, NULL, 15, 15),
('2025-01-17', 14, '2025-01-29', 16, 16),
('2025-01-18', 14, NULL, 17, 17),
('2025-01-19', 7, '2025-01-25', 18, 18),
('2025-01-20', 21, NULL, 19, 19),
('2025-01-21', 14, '2025-02-02', 20, 20),
('2025-01-22', 14, NULL, 21, 21),
('2025-01-23', 7, '2025-01-30', 22, 22),
('2025-01-24', 21, NULL, 23, 23),
('2025-01-25', 14, '2025-02-05', 24, 24),
('2025-01-26', 14, NULL, 25, 25),
('2025-01-27', 7, '2025-02-03', 26, 26),
('2025-01-28', 21, NULL, 27, 27),
('2025-01-29', 14, '2025-02-10', 28, 28),
('2025-01-30', 14, NULL, 29, 29),
('2025-02-01', 7, '2025-02-08', 30, 30),
('2025-02-03', 21, NULL, 31, 31),
('2025-02-05', 14, '2025-02-18', 32, 32),
('2025-02-07', 14, NULL, 33, 33),
('2025-02-09', 7, '2025-02-16', 34, 34),
('2025-02-11', 21, NULL, 35, 35),
('2025-02-13', 14, '2025-02-25', 36, 36),
('2025-02-15', 14, NULL, 37, 37),
('2025-02-17', 7, '2025-02-24', 38, 38),
('2025-02-19', 21, NULL, 39, 39),
('2025-02-21', 14, '2025-03-07', 40, 40),
('2025-02-23', 14, NULL, 41, 41),
('2025-02-25', 7, '2025-03-04', 42, 42),
('2025-02-27', 21, NULL, 43, 43),
('2025-03-01', 14, '2025-03-15', 44, 44),
('2025-03-03', 14, NULL, 45, 45),
('2025-03-05', 7, '2025-03-12', 46, 46),
('2025-03-07', 21, NULL, 47, 47);

-- Books borrowed twice
INSERT INTO Borrow (BorrowDate, ReturnDueDate, ReturnDate, BookID, MemberID) VALUES
('2025-03-09', 14, '2025-03-20', 2, 5),
('2025-03-10', 14, NULL, 2, 6),
('2025-03-11', 7, '2025-03-18', 3, 7);


